GROUP,PACKAGE,CLASS,INSTRUCTION_MISSED,INSTRUCTION_COVERED,BRANCH_MISSED,BRANCH_COVERED,LINE_MISSED,LINE_COVERED,COMPLEXITY_MISSED,COMPLEXITY_COVERED,METHOD_MISSED,METHOD_COVERED
ims,com.qa.ims.exceptions,CustomerNotFoundException,3,0,0,0,1,0,1,0,1,0
ims,com.qa.ims.controller,ItemController,0,109,0,2,0,29,0,7,0,6
ims,com.qa.ims.controller,Action,21,70,2,2,3,16,2,5,1,4
ims,com.qa.ims.controller,CustomerController,0,109,0,2,0,29,0,7,0,6
ims,com.qa.ims.controller,OrderController,41,223,7,17,9,51,7,12,1,6
ims,com.qa.ims,IMS,141,0,17,0,48,0,18,0,6,0
ims,com.qa.ims,Runner,16,0,0,0,6,0,3,0,3,0
ims,com.qa.ims.persistence.dao,CustomerDAO,62,171,0,2,24,43,0,10,0,9
ims,com.qa.ims.persistence.dao,OrderDAO,103,439,4,12,39,113,5,16,1,12
ims,com.qa.ims.persistence.dao,ItemDAO,62,174,0,2,24,43,0,10,0,9
ims,com.qa.ims.utils,DBUtils,26,147,1,3,10,32,2,12,1,11
ims,com.qa.ims.utils,Utils,59,3,4,0,25,1,7,1,5,1
ims,com.qa.ims.persistence.domain,Order,0,123,0,12,0,34,0,18,0,12
ims,com.qa.ims.persistence.domain,Domain,81,0,2,0,16,0,6,0,5,0
ims,com.qa.ims.persistence.domain,Item,0,111,0,12,0,28,0,17,0,11
ims,com.qa.ims.persistence.domain,Customer,0,164,0,30,0,48,0,26,0,11
